,Supplier_Lead_Time,Inventory_Levels,Order_Frequency,Delivery_Performance,Cost_Per_Unit
Supplier_Lead_Time,1.0,0.18948027683261595,-0.8911229729870489,-0.9086626612816682,0.9576378128480132
Inventory_Levels,0.18948027683261595,1.0,-0.27879891376100185,-0.11284650262671679,0.10940261612403546
Order_Frequency,-0.8911229729870489,-0.27879891376100185,1.0,0.8429484540082365,-0.8500736173428715
Delivery_Performance,-0.9086626612816682,-0.11284650262671679,0.8429484540082365,1.0,-0.907749710943263
Cost_Per_Unit,0.9576378128480132,0.10940261612403546,-0.8500736173428715,-0.907749710943263,1.0
